round,num_counter_stick,num_riichi_deposit,score_0,score_1,score_2,score_3,rank_class
0,1,0,328,224,224,224,11
2,1,0,237,197,283,283,13
5,1,2,225,335,142,278,11
4,0,0,300,370,197,133,11
2,0,0,310,256,217,217,11
2,0,0,277,237,163,323,13
7,0,0,164,124,528,184,13
7,0,0,191,328,217,264,11
2,2,0,176,136,466,222,13
1,0,0,273,279,224,224,11
5,0,0,157,129,517,197,13
0,0,0,250,250,250,250,11
2,1,1,320,226,217,227,11
6,0,0,211,308,217,264,11
4,0,0,157,209,437,197,13
