round,num_counter_stick,num_riichi_deposit,score_0,score_1,score_2,score_3,rank_class
0,0,0,250,250,250,250,13
1,0,0,250,250,170,330,13
2,0,0,277,237,163,323,13
2,1,0,237,197,283,283,13
2,2,0,176,136,466,222,13
3,0,0,164,182,444,210,13
4,0,0,157,209,437,197,13
5,0,0,157,129,517,197,13
6,0,0,154,124,528,194,13
7,0,0,164,124,528,184,13
0,0,0,250,250,250,250,11
0,1,0,328,224,224,224,11
1,0,0,273,279,224,224,11
2,0,0,310,256,217,217,11
2,1,1,320,226,217,227,11
3,0,0,320,291,217,172,11
4,0,0,300,370,197,133,11
5,0,0,220,330,157,293,11
5,1,2,225,335,142,278,11
6,0,0,211,308,217,264,11
7,0,0,191,328,217,264,11
